--------------------------------------------------------
-- Archivo creado  - martes-marzo-30-2021   
--------------------------------------------------------
--------------------------------------------------------
--  DDL for Table CENTROCOSTE
--------------------------------------------------------

  CREATE TABLE "GESTION_PROYECTOS"."CENTROCOSTE" 
   (	"CC_ID" VARCHAR2(8 CHAR), 
	"DESCRIPCION" VARCHAR2(260 CHAR)
   ) SEGMENT CREATION IMMEDIATE 
  PCTFREE 10 PCTUSED 40 INITRANS 1 MAXTRANS 255 
 NOCOMPRESS LOGGING
  STORAGE(INITIAL 65536 NEXT 1048576 MINEXTENTS 1 MAXEXTENTS 2147483645
  PCTINCREASE 0 FREELISTS 1 FREELIST GROUPS 1
  BUFFER_POOL DEFAULT FLASH_CACHE DEFAULT CELL_FLASH_CACHE DEFAULT)
  TABLESPACE "TS_GESTION_PROYECTOS" ;
--------------------------------------------------------
--  DDL for Table CLIENTES
--------------------------------------------------------

  CREATE TABLE "GESTION_PROYECTOS"."CLIENTES" 
   (	"CLIENTE_ID" VARCHAR2(8 CHAR), 
	"NOMBRE" VARCHAR2(20 CHAR), 
	"DIRECCION" VARCHAR2(60 CHAR), 
	"TELEFONO" VARCHAR2(13 BYTE), 
	"EMAIL" VARCHAR2(60 CHAR), 
	"FAX" VARCHAR2(20 CHAR), 
	"CIF" VARCHAR2(20 CHAR)
   ) SEGMENT CREATION IMMEDIATE 
  PCTFREE 10 PCTUSED 40 INITRANS 1 MAXTRANS 255 
 NOCOMPRESS LOGGING
  STORAGE(INITIAL 65536 NEXT 1048576 MINEXTENTS 1 MAXEXTENTS 2147483645
  PCTINCREASE 0 FREELISTS 1 FREELIST GROUPS 1
  BUFFER_POOL DEFAULT FLASH_CACHE DEFAULT CELL_FLASH_CACHE DEFAULT)
  TABLESPACE "TS_GESTION_PROYECTOS" ;
--------------------------------------------------------
--  DDL for Table EMPLEADOS
--------------------------------------------------------

  CREATE TABLE "GESTION_PROYECTOS"."EMPLEADOS" 
   (	"EMPLEADO_ID" VARCHAR2(8 CHAR), 
	"NOMBRE" VARCHAR2(20 CHAR), 
	"APELLIDOS" VARCHAR2(60 CHAR), 
	"PASSWORD" VARCHAR2(20 BYTE), 
	"EMAIL" VARCHAR2(60 CHAR), 
	"MANODEOBRA" VARCHAR2(20 CHAR), 
	"ROL_ID" VARCHAR2(8 CHAR) DEFAULT 'R-001'
   ) SEGMENT CREATION IMMEDIATE 
  PCTFREE 10 PCTUSED 40 INITRANS 1 MAXTRANS 255 
 NOCOMPRESS LOGGING
  STORAGE(INITIAL 65536 NEXT 1048576 MINEXTENTS 1 MAXEXTENTS 2147483645
  PCTINCREASE 0 FREELISTS 1 FREELIST GROUPS 1
  BUFFER_POOL DEFAULT FLASH_CACHE DEFAULT CELL_FLASH_CACHE DEFAULT)
  TABLESPACE "TS_GESTION_PROYECTOS" ;
--------------------------------------------------------
--  DDL for Table NEGOCIO
--------------------------------------------------------

  CREATE TABLE "GESTION_PROYECTOS"."NEGOCIO" 
   (	"NEGOCIO_ID" VARCHAR2(8 CHAR), 
	"DESCRIPCION" VARCHAR2(260 CHAR)
   ) SEGMENT CREATION IMMEDIATE 
  PCTFREE 10 PCTUSED 40 INITRANS 1 MAXTRANS 255 
 NOCOMPRESS LOGGING
  STORAGE(INITIAL 65536 NEXT 1048576 MINEXTENTS 1 MAXEXTENTS 2147483645
  PCTINCREASE 0 FREELISTS 1 FREELIST GROUPS 1
  BUFFER_POOL DEFAULT FLASH_CACHE DEFAULT CELL_FLASH_CACHE DEFAULT)
  TABLESPACE "TS_GESTION_PROYECTOS" ;
--------------------------------------------------------
--  DDL for Table PROYECTOEMPLEADO
--------------------------------------------------------

  CREATE TABLE "GESTION_PROYECTOS"."PROYECTOEMPLEADO" 
   (	"PROYECTO_ID" VARCHAR2(8 CHAR), 
	"EMPLEADO_ID" VARCHAR2(8 CHAR), 
	"HORAS" NUMBER(2,0)
   ) SEGMENT CREATION IMMEDIATE 
  PCTFREE 10 PCTUSED 40 INITRANS 1 MAXTRANS 255 
 NOCOMPRESS LOGGING
  STORAGE(INITIAL 65536 NEXT 1048576 MINEXTENTS 1 MAXEXTENTS 2147483645
  PCTINCREASE 0 FREELISTS 1 FREELIST GROUPS 1
  BUFFER_POOL DEFAULT FLASH_CACHE DEFAULT CELL_FLASH_CACHE DEFAULT)
  TABLESPACE "TS_GESTION_PROYECTOS" ;
--------------------------------------------------------
--  DDL for Table PROYECTOEMPLEADOGASTOS
--------------------------------------------------------

  CREATE TABLE "GESTION_PROYECTOS"."PROYECTOEMPLEADOGASTOS" 
   (	"GASTOS_ID" VARCHAR2(8 CHAR), 
	"PROYECTO_ID" VARCHAR2(8 CHAR), 
	"EMPLEADO_ID" VARCHAR2(8 CHAR), 
	"DIA" DATE, 
	"CONCEPTO" VARCHAR2(260 CHAR), 
	"OBSERVACION" VARCHAR2(260 CHAR), 
	"COSTE" NUMBER(*,0), 
	"KM" NUMBER(*,0), 
	"DIETA" VARCHAR2(20 CHAR)
   ) SEGMENT CREATION IMMEDIATE 
  PCTFREE 10 PCTUSED 40 INITRANS 1 MAXTRANS 255 
 NOCOMPRESS LOGGING
  STORAGE(INITIAL 65536 NEXT 1048576 MINEXTENTS 1 MAXEXTENTS 2147483645
  PCTINCREASE 0 FREELISTS 1 FREELIST GROUPS 1
  BUFFER_POOL DEFAULT FLASH_CACHE DEFAULT CELL_FLASH_CACHE DEFAULT)
  TABLESPACE "TS_GESTION_PROYECTOS" ;
--------------------------------------------------------
--  DDL for Table PROYECTOEMPLEADOTAREAS
--------------------------------------------------------

  CREATE TABLE "GESTION_PROYECTOS"."PROYECTOEMPLEADOTAREAS" 
   (	"TAREA_ID" VARCHAR2(8 CHAR), 
	"PROYECTO_ID" VARCHAR2(8 CHAR), 
	"EMPLEADO_ID" VARCHAR2(8 CHAR), 
	"DIA" DATE DEFAULT (sysdate), 
	"SUBTAREA_ID" VARCHAR2(8 CHAR), 
	"TIEMPO" NUMBER(2,0), 
	"OBSERVACION" VARCHAR2(260 CHAR)
   ) SEGMENT CREATION IMMEDIATE 
  PCTFREE 10 PCTUSED 40 INITRANS 1 MAXTRANS 255 
 NOCOMPRESS LOGGING
  STORAGE(INITIAL 65536 NEXT 1048576 MINEXTENTS 1 MAXEXTENTS 2147483645
  PCTINCREASE 0 FREELISTS 1 FREELIST GROUPS 1
  BUFFER_POOL DEFAULT FLASH_CACHE DEFAULT CELL_FLASH_CACHE DEFAULT)
  TABLESPACE "TS_GESTION_PROYECTOS" ;
--------------------------------------------------------
--  DDL for Table PROYECTOS
--------------------------------------------------------

  CREATE TABLE "GESTION_PROYECTOS"."PROYECTOS" 
   (	"PROYECTO_ID" VARCHAR2(8 CHAR), 
	"CLIENTE_ID" VARCHAR2(8 CHAR), 
	"NEGOCIO_ID" VARCHAR2(8 CHAR), 
	"CENTROCOSTE_ID" VARCHAR2(8 CHAR), 
	"NOMBREPROYECTO" VARCHAR2(40 CHAR), 
	"RESUMENPROYECTO" VARCHAR2(260 CHAR), 
	"TIPOPROYECTO" VARCHAR2(13 BYTE), 
	"PLAZO" DATE DEFAULT (sysdate), 
	"ESTADO" VARCHAR2(20 CHAR), 
	"MODALIDAD" VARCHAR2(20 CHAR)
   ) SEGMENT CREATION IMMEDIATE 
  PCTFREE 10 PCTUSED 40 INITRANS 1 MAXTRANS 255 
 NOCOMPRESS LOGGING
  STORAGE(INITIAL 65536 NEXT 1048576 MINEXTENTS 1 MAXEXTENTS 2147483645
  PCTINCREASE 0 FREELISTS 1 FREELIST GROUPS 1
  BUFFER_POOL DEFAULT FLASH_CACHE DEFAULT CELL_FLASH_CACHE DEFAULT)
  TABLESPACE "TS_GESTION_PROYECTOS" ;
--------------------------------------------------------
--  DDL for Table ROL
--------------------------------------------------------

  CREATE TABLE "GESTION_PROYECTOS"."ROL" 
   (	"ROL_ID" VARCHAR2(8 CHAR), 
	"NOMBRE" VARCHAR2(20 CHAR)
   ) SEGMENT CREATION IMMEDIATE 
  PCTFREE 10 PCTUSED 40 INITRANS 1 MAXTRANS 255 
 NOCOMPRESS LOGGING
  STORAGE(INITIAL 65536 NEXT 1048576 MINEXTENTS 1 MAXEXTENTS 2147483645
  PCTINCREASE 0 FREELISTS 1 FREELIST GROUPS 1
  BUFFER_POOL DEFAULT FLASH_CACHE DEFAULT CELL_FLASH_CACHE DEFAULT)
  TABLESPACE "TS_GESTION_PROYECTOS" ;
--------------------------------------------------------
--  DDL for Table SUBTAREA
--------------------------------------------------------

  CREATE TABLE "GESTION_PROYECTOS"."SUBTAREA" 
   (	"SUBTAREA_ID" VARCHAR2(8 CHAR), 
	"PROYECTO_ID" VARCHAR2(8 CHAR), 
	"DESCRIPCION" VARCHAR2(260 CHAR)
   ) SEGMENT CREATION IMMEDIATE 
  PCTFREE 10 PCTUSED 40 INITRANS 1 MAXTRANS 255 
 NOCOMPRESS LOGGING
  STORAGE(INITIAL 65536 NEXT 1048576 MINEXTENTS 1 MAXEXTENTS 2147483645
  PCTINCREASE 0 FREELISTS 1 FREELIST GROUPS 1
  BUFFER_POOL DEFAULT FLASH_CACHE DEFAULT CELL_FLASH_CACHE DEFAULT)
  TABLESPACE "TS_GESTION_PROYECTOS" ;
--------------------------------------------------------
--  DDL for Table TIPOPROYECTO
--------------------------------------------------------

  CREATE TABLE "GESTION_PROYECTOS"."TIPOPROYECTO" 
   (	"TIPOPROYECTO" VARCHAR2(20 CHAR)
   ) SEGMENT CREATION IMMEDIATE 
  PCTFREE 10 PCTUSED 40 INITRANS 1 MAXTRANS 255 
 NOCOMPRESS LOGGING
  STORAGE(INITIAL 65536 NEXT 1048576 MINEXTENTS 1 MAXEXTENTS 2147483645
  PCTINCREASE 0 FREELISTS 1 FREELIST GROUPS 1
  BUFFER_POOL DEFAULT FLASH_CACHE DEFAULT CELL_FLASH_CACHE DEFAULT)
  TABLESPACE "TS_GESTION_PROYECTOS" ;
REM INSERTING into GESTION_PROYECTOS.CENTROCOSTE
SET DEFINE OFF;
Insert into GESTION_PROYECTOS.CENTROCOSTE (CC_ID,DESCRIPCION) values ('CC-005','12');
Insert into GESTION_PROYECTOS.CENTROCOSTE (CC_ID,DESCRIPCION) values ('CC-003','CENTRO DE COSTE 3 FINAL');
Insert into GESTION_PROYECTOS.CENTROCOSTE (CC_ID,DESCRIPCION) values ('CC-001','123123123');
Insert into GESTION_PROYECTOS.CENTROCOSTE (CC_ID,DESCRIPCION) values ('CC-002','Prueba de Centro de coste 2');
Insert into GESTION_PROYECTOS.CENTROCOSTE (CC_ID,DESCRIPCION) values ('CC-006','CentroCoste numero 6 de prueba');
REM INSERTING into GESTION_PROYECTOS.CLIENTES
SET DEFINE OFF;
Insert into GESTION_PROYECTOS.CLIENTES (CLIENTE_ID,NOMBRE,DIRECCION,TELEFONO,EMAIL,FAX,CIF) values ('CL-001','Individuo','Dirección de cliente Individuo','+34 600000001','Individuo@gmail.com','I623845F','X0000001CL');
Insert into GESTION_PROYECTOS.CLIENTES (CLIENTE_ID,NOMBRE,DIRECCION,TELEFONO,EMAIL,FAX,CIF) values ('CL-002','Arturo','Dirección de cliente numero 2','+34 600000002','cliente002@gmail.com','FAX_CL_2','X0000002CL');
Insert into GESTION_PROYECTOS.CLIENTES (CLIENTE_ID,NOMBRE,DIRECCION,TELEFONO,EMAIL,FAX,CIF) values ('CL-003','Cliente_3','Dirección de cliente numero 3','+34 600000003','cliente003@gmail.com','FAX_CL_3','X0000003CL');
Insert into GESTION_PROYECTOS.CLIENTES (CLIENTE_ID,NOMBRE,DIRECCION,TELEFONO,EMAIL,FAX,CIF) values ('CL-004','Cliente_4','Dirección de cliente numero 4','+34 600000004','cliente004@gmail.com','FAX_CL_4','X0000004CL');
Insert into GESTION_PROYECTOS.CLIENTES (CLIENTE_ID,NOMBRE,DIRECCION,TELEFONO,EMAIL,FAX,CIF) values ('CL-005','Cliente_5','Dirección de cliente numero 5','+34 600000005','cliente005@gmail.com','FAX_CL_5','X0000005CL');
Insert into GESTION_PROYECTOS.CLIENTES (CLIENTE_ID,NOMBRE,DIRECCION,TELEFONO,EMAIL,FAX,CIF) values ('CL-009','Spyro','Dirección de cliente numero 9','612382532',null,'123151F','X2616182F');
REM INSERTING into GESTION_PROYECTOS.EMPLEADOS
SET DEFINE OFF;
Insert into GESTION_PROYECTOS.EMPLEADOS (EMPLEADO_ID,NOMBRE,APELLIDOS,PASSWORD,EMAIL,MANODEOBRA,ROL_ID) values ('EM-004','Alvaro','Viguera','Abantail','alvaroviguera@gmail.com','manodeobraalvaro','R-001');
Insert into GESTION_PROYECTOS.EMPLEADOS (EMPLEADO_ID,NOMBRE,APELLIDOS,PASSWORD,EMAIL,MANODEOBRA,ROL_ID) values ('EM-001','Mikel','Mañeru','Abantail','mikelmañeru@gmail.com','si','R-001');
Insert into GESTION_PROYECTOS.EMPLEADOS (EMPLEADO_ID,NOMBRE,APELLIDOS,PASSWORD,EMAIL,MANODEOBRA,ROL_ID) values ('EM-002','Anatoli','Nichei','Abantail','tokpary@gmail.com','manodeobraanatoli','R-001');
Insert into GESTION_PROYECTOS.EMPLEADOS (EMPLEADO_ID,NOMBRE,APELLIDOS,PASSWORD,EMAIL,MANODEOBRA,ROL_ID) values ('EM-003','Mikel','Franco','Abantail','mikelfranco@gmail.com','manodeobramikel','R-001');
Insert into GESTION_PROYECTOS.EMPLEADOS (EMPLEADO_ID,NOMBRE,APELLIDOS,PASSWORD,EMAIL,MANODEOBRA,ROL_ID) values ('EM-006','Emilio','Artur Pendragon','Abantail','EmilioPendragon@gmail.com','12','R-004');
Insert into GESTION_PROYECTOS.EMPLEADOS (EMPLEADO_ID,NOMBRE,APELLIDOS,PASSWORD,EMAIL,MANODEOBRA,ROL_ID) values ('EM-007','Lisa','Aimer','1234','LisaAimer@gmail.com','si','R-003');
Insert into GESTION_PROYECTOS.EMPLEADOS (EMPLEADO_ID,NOMBRE,APELLIDOS,PASSWORD,EMAIL,MANODEOBRA,ROL_ID) values ('EM-005','Unai','Martin','Abantail','admin@gmail.com','manodeobraalvaro','R-003');
REM INSERTING into GESTION_PROYECTOS.NEGOCIO
SET DEFINE OFF;
Insert into GESTION_PROYECTOS.NEGOCIO (NEGOCIO_ID,DESCRIPCION) values ('NG-001','Negocio numero 1');
Insert into GESTION_PROYECTOS.NEGOCIO (NEGOCIO_ID,DESCRIPCION) values ('NG-002','Negocio de prueba numero 2');
Insert into GESTION_PROYECTOS.NEGOCIO (NEGOCIO_ID,DESCRIPCION) values ('NG-003','Negocio de prueba numero 3');
Insert into GESTION_PROYECTOS.NEGOCIO (NEGOCIO_ID,DESCRIPCION) values ('NG-005','Negocio FINAL 5');
REM INSERTING into GESTION_PROYECTOS.PROYECTOEMPLEADO
SET DEFINE OFF;
Insert into GESTION_PROYECTOS.PROYECTOEMPLEADO (PROYECTO_ID,EMPLEADO_ID,HORAS) values ('PR-001','EM-002','25');
Insert into GESTION_PROYECTOS.PROYECTOEMPLEADO (PROYECTO_ID,EMPLEADO_ID,HORAS) values ('PR-001','EM-004','2');
Insert into GESTION_PROYECTOS.PROYECTOEMPLEADO (PROYECTO_ID,EMPLEADO_ID,HORAS) values ('PR-002','EM-003','21');
Insert into GESTION_PROYECTOS.PROYECTOEMPLEADO (PROYECTO_ID,EMPLEADO_ID,HORAS) values ('PR-002','EM-004','7');
Insert into GESTION_PROYECTOS.PROYECTOEMPLEADO (PROYECTO_ID,EMPLEADO_ID,HORAS) values ('PR-001','EM-001','3');
REM INSERTING into GESTION_PROYECTOS.PROYECTOEMPLEADOGASTOS
SET DEFINE OFF;
Insert into GESTION_PROYECTOS.PROYECTOEMPLEADOGASTOS (GASTOS_ID,PROYECTO_ID,EMPLEADO_ID,DIA,CONCEPTO,OBSERVACION,COSTE,KM,DIETA) values ('GT-001','PR-003','EM-002',to_date('15/03/21','DD/MM/RR'),'Prueba de insert de un gasto','Muy facil','35',null,null);
Insert into GESTION_PROYECTOS.PROYECTOEMPLEADOGASTOS (GASTOS_ID,PROYECTO_ID,EMPLEADO_ID,DIA,CONCEPTO,OBSERVACION,COSTE,KM,DIETA) values ('GT-002','PR-003','EM-002',to_date('15/03/21','DD/MM/RR'),'Prueba de insert de el mismo usuario sobre el mismo proyecto',null,'75',null,null);
Insert into GESTION_PROYECTOS.PROYECTOEMPLEADOGASTOS (GASTOS_ID,PROYECTO_ID,EMPLEADO_ID,DIA,CONCEPTO,OBSERVACION,COSTE,KM,DIETA) values ('GT-003','PR-001','EM-004',to_date('15/03/21','DD/MM/RR'),'Prueba numero 3','Observación prueba nº 3','22','42','si');
REM INSERTING into GESTION_PROYECTOS.PROYECTOEMPLEADOTAREAS
SET DEFINE OFF;
Insert into GESTION_PROYECTOS.PROYECTOEMPLEADOTAREAS (TAREA_ID,PROYECTO_ID,EMPLEADO_ID,DIA,SUBTAREA_ID,TIEMPO,OBSERVACION) values ('TR-001','PR-003','EM-004',to_date('15/03/21','DD/MM/RR'),'ST-001','4','si');
Insert into GESTION_PROYECTOS.PROYECTOEMPLEADOTAREAS (TAREA_ID,PROYECTO_ID,EMPLEADO_ID,DIA,SUBTAREA_ID,TIEMPO,OBSERVACION) values ('TR-002','PR-003','EM-004',to_date('15/03/21','DD/MM/RR'),'ST-001','4','si');
Insert into GESTION_PROYECTOS.PROYECTOEMPLEADOTAREAS (TAREA_ID,PROYECTO_ID,EMPLEADO_ID,DIA,SUBTAREA_ID,TIEMPO,OBSERVACION) values ('TR-003','PR-003','EM-004',to_date('15/03/21','DD/MM/RR'),'ST-001','4','si');
REM INSERTING into GESTION_PROYECTOS.PROYECTOS
SET DEFINE OFF;
Insert into GESTION_PROYECTOS.PROYECTOS (PROYECTO_ID,CLIENTE_ID,NEGOCIO_ID,CENTROCOSTE_ID,NOMBREPROYECTO,RESUMENPROYECTO,TIPOPROYECTO,PLAZO,ESTADO,MODALIDAD) values ('PR-001','CL-009','NG-003','CC-005','GestionProyectosPrueba','Un proyecto realizado por los estudiantes de practicas en el que adaptaran el programa de gestion de proyectos a pagina web. 2','Practicas',to_date('09/03/33','DD/MM/RR'),'En curso','Grupal');
Insert into GESTION_PROYECTOS.PROYECTOS (PROYECTO_ID,CLIENTE_ID,NEGOCIO_ID,CENTROCOSTE_ID,NOMBREPROYECTO,RESUMENPROYECTO,TIPOPROYECTO,PLAZO,ESTADO,MODALIDAD) values ('PR-002','CL-009','NG-003','CC-005','GestionProyectosPrueba','Un proyecto realizado por los estudiantes de practicas en el que adaptaran el programa de gestion de proyectos a pagina web.','Practicas',to_date('12/11/00','DD/MM/RR'),'En curso','Grupal');
Insert into GESTION_PROYECTOS.PROYECTOS (PROYECTO_ID,CLIENTE_ID,NEGOCIO_ID,CENTROCOSTE_ID,NOMBREPROYECTO,RESUMENPROYECTO,TIPOPROYECTO,PLAZO,ESTADO,MODALIDAD) values ('PR-003','CL-003','NG-005','CC-006','PruebaConstrait','Un proyecto realizado para el desarrollo de la base de datos.','Practicas',to_date('30/04/21','DD/MM/RR'),'En curso','Grupal');
REM INSERTING into GESTION_PROYECTOS.ROL
SET DEFINE OFF;
Insert into GESTION_PROYECTOS.ROL (ROL_ID,NOMBRE) values ('R-001','Usuario');
Insert into GESTION_PROYECTOS.ROL (ROL_ID,NOMBRE) values ('R-002','Moderador');
Insert into GESTION_PROYECTOS.ROL (ROL_ID,NOMBRE) values ('R-003','Administrador');
Insert into GESTION_PROYECTOS.ROL (ROL_ID,NOMBRE) values ('R-004','Prueba');
REM INSERTING into GESTION_PROYECTOS.SUBTAREA
SET DEFINE OFF;
Insert into GESTION_PROYECTOS.SUBTAREA (SUBTAREA_ID,PROYECTO_ID,DESCRIPCION) values ('ST-001','PR-001','Autoformacion');
Insert into GESTION_PROYECTOS.SUBTAREA (SUBTAREA_ID,PROYECTO_ID,DESCRIPCION) values ('ST-002','PR-001','Recibir Informacion');
Insert into GESTION_PROYECTOS.SUBTAREA (SUBTAREA_ID,PROYECTO_ID,DESCRIPCION) values ('ST-003','PR-001','Desarrollo');
Insert into GESTION_PROYECTOS.SUBTAREA (SUBTAREA_ID,PROYECTO_ID,DESCRIPCION) values ('ST-005','PR-002','Desarrollo tecnico');
Insert into GESTION_PROYECTOS.SUBTAREA (SUBTAREA_ID,PROYECTO_ID,DESCRIPCION) values ('ST-004','PR-002','Autoayuda');
REM INSERTING into GESTION_PROYECTOS.TIPOPROYECTO
SET DEFINE OFF;
Insert into GESTION_PROYECTOS.TIPOPROYECTO (TIPOPROYECTO) values ('Individual');
Insert into GESTION_PROYECTOS.TIPOPROYECTO (TIPOPROYECTO) values ('Practicas');
Insert into GESTION_PROYECTOS.TIPOPROYECTO (TIPOPROYECTO) values ('Profesional');
--------------------------------------------------------
--  DDL for Index UNIQUEINDEXEMPLEADOPROYECTO
--------------------------------------------------------

  CREATE UNIQUE INDEX "GESTION_PROYECTOS"."UNIQUEINDEXEMPLEADOPROYECTO" ON "GESTION_PROYECTOS"."PROYECTOEMPLEADO" ("EMPLEADO_ID", "PROYECTO_ID") 
  PCTFREE 10 INITRANS 2 MAXTRANS 255 COMPUTE STATISTICS 
  STORAGE(INITIAL 65536 NEXT 1048576 MINEXTENTS 1 MAXEXTENTS 2147483645
  PCTINCREASE 0 FREELISTS 1 FREELIST GROUPS 1
  BUFFER_POOL DEFAULT FLASH_CACHE DEFAULT CELL_FLASH_CACHE DEFAULT)
  TABLESPACE "TS_GESTION_PROYECTOS" ;
--------------------------------------------------------
--  DDL for Index UNIQUEINDEXSUBTAREAPROYECTO
--------------------------------------------------------

  CREATE UNIQUE INDEX "GESTION_PROYECTOS"."UNIQUEINDEXSUBTAREAPROYECTO" ON "GESTION_PROYECTOS"."SUBTAREA" ("SUBTAREA_ID", "PROYECTO_ID") 
  PCTFREE 10 INITRANS 2 MAXTRANS 255 COMPUTE STATISTICS 
  STORAGE(INITIAL 65536 NEXT 1048576 MINEXTENTS 1 MAXEXTENTS 2147483645
  PCTINCREASE 0 FREELISTS 1 FREELIST GROUPS 1
  BUFFER_POOL DEFAULT FLASH_CACHE DEFAULT CELL_FLASH_CACHE DEFAULT)
  TABLESPACE "TS_GESTION_PROYECTOS" ;
--------------------------------------------------------
--  Constraints for Table CLIENTES
--------------------------------------------------------

  ALTER TABLE "GESTION_PROYECTOS"."CLIENTES" MODIFY ("CLIENTE_ID" NOT NULL ENABLE);
  ALTER TABLE "GESTION_PROYECTOS"."CLIENTES" MODIFY ("NOMBRE" NOT NULL ENABLE);
  ALTER TABLE "GESTION_PROYECTOS"."CLIENTES" ADD PRIMARY KEY ("CLIENTE_ID")
  USING INDEX PCTFREE 10 INITRANS 2 MAXTRANS 255 COMPUTE STATISTICS 
  STORAGE(INITIAL 65536 NEXT 1048576 MINEXTENTS 1 MAXEXTENTS 2147483645
  PCTINCREASE 0 FREELISTS 1 FREELIST GROUPS 1
  BUFFER_POOL DEFAULT FLASH_CACHE DEFAULT CELL_FLASH_CACHE DEFAULT)
  TABLESPACE "TS_GESTION_PROYECTOS"  ENABLE;
--------------------------------------------------------
--  Constraints for Table SUBTAREA
--------------------------------------------------------

  ALTER TABLE "GESTION_PROYECTOS"."SUBTAREA" MODIFY ("SUBTAREA_ID" NOT NULL ENABLE);
  ALTER TABLE "GESTION_PROYECTOS"."SUBTAREA" MODIFY ("PROYECTO_ID" NOT NULL ENABLE);
  ALTER TABLE "GESTION_PROYECTOS"."SUBTAREA" ADD CONSTRAINT "UNIQUEINDEXSUBTAREAPROYECTO" UNIQUE ("SUBTAREA_ID", "PROYECTO_ID")
  USING INDEX PCTFREE 10 INITRANS 2 MAXTRANS 255 COMPUTE STATISTICS 
  STORAGE(INITIAL 65536 NEXT 1048576 MINEXTENTS 1 MAXEXTENTS 2147483645
  PCTINCREASE 0 FREELISTS 1 FREELIST GROUPS 1
  BUFFER_POOL DEFAULT FLASH_CACHE DEFAULT CELL_FLASH_CACHE DEFAULT)
  TABLESPACE "TS_GESTION_PROYECTOS"  ENABLE;
  ALTER TABLE "GESTION_PROYECTOS"."SUBTAREA" ADD PRIMARY KEY ("SUBTAREA_ID")
  USING INDEX PCTFREE 10 INITRANS 2 MAXTRANS 255 COMPUTE STATISTICS 
  STORAGE(INITIAL 65536 NEXT 1048576 MINEXTENTS 1 MAXEXTENTS 2147483645
  PCTINCREASE 0 FREELISTS 1 FREELIST GROUPS 1
  BUFFER_POOL DEFAULT FLASH_CACHE DEFAULT CELL_FLASH_CACHE DEFAULT)
  TABLESPACE "TS_GESTION_PROYECTOS"  ENABLE;
--------------------------------------------------------
--  Constraints for Table PROYECTOS
--------------------------------------------------------

  ALTER TABLE "GESTION_PROYECTOS"."PROYECTOS" MODIFY ("PROYECTO_ID" NOT NULL ENABLE);
  ALTER TABLE "GESTION_PROYECTOS"."PROYECTOS" MODIFY ("CLIENTE_ID" NOT NULL ENABLE);
  ALTER TABLE "GESTION_PROYECTOS"."PROYECTOS" MODIFY ("NEGOCIO_ID" NOT NULL ENABLE);
  ALTER TABLE "GESTION_PROYECTOS"."PROYECTOS" MODIFY ("CENTROCOSTE_ID" NOT NULL ENABLE);
  ALTER TABLE "GESTION_PROYECTOS"."PROYECTOS" MODIFY ("NOMBREPROYECTO" NOT NULL ENABLE);
  ALTER TABLE "GESTION_PROYECTOS"."PROYECTOS" MODIFY ("TIPOPROYECTO" NOT NULL ENABLE);
  ALTER TABLE "GESTION_PROYECTOS"."PROYECTOS" MODIFY ("ESTADO" NOT NULL ENABLE);
  ALTER TABLE "GESTION_PROYECTOS"."PROYECTOS" MODIFY ("MODALIDAD" NOT NULL ENABLE);
  ALTER TABLE "GESTION_PROYECTOS"."PROYECTOS" ADD PRIMARY KEY ("PROYECTO_ID")
  USING INDEX PCTFREE 10 INITRANS 2 MAXTRANS 255 COMPUTE STATISTICS 
  STORAGE(INITIAL 65536 NEXT 1048576 MINEXTENTS 1 MAXEXTENTS 2147483645
  PCTINCREASE 0 FREELISTS 1 FREELIST GROUPS 1
  BUFFER_POOL DEFAULT FLASH_CACHE DEFAULT CELL_FLASH_CACHE DEFAULT)
  TABLESPACE "TS_GESTION_PROYECTOS"  ENABLE;
--------------------------------------------------------
--  Constraints for Table CENTROCOSTE
--------------------------------------------------------

  ALTER TABLE "GESTION_PROYECTOS"."CENTROCOSTE" MODIFY ("CC_ID" NOT NULL ENABLE);
  ALTER TABLE "GESTION_PROYECTOS"."CENTROCOSTE" ADD PRIMARY KEY ("CC_ID")
  USING INDEX PCTFREE 10 INITRANS 2 MAXTRANS 255 COMPUTE STATISTICS 
  STORAGE(INITIAL 65536 NEXT 1048576 MINEXTENTS 1 MAXEXTENTS 2147483645
  PCTINCREASE 0 FREELISTS 1 FREELIST GROUPS 1
  BUFFER_POOL DEFAULT FLASH_CACHE DEFAULT CELL_FLASH_CACHE DEFAULT)
  TABLESPACE "TS_GESTION_PROYECTOS"  ENABLE;
--------------------------------------------------------
--  Constraints for Table PROYECTOEMPLEADOTAREAS
--------------------------------------------------------

  ALTER TABLE "GESTION_PROYECTOS"."PROYECTOEMPLEADOTAREAS" MODIFY ("TAREA_ID" NOT NULL ENABLE);
  ALTER TABLE "GESTION_PROYECTOS"."PROYECTOEMPLEADOTAREAS" MODIFY ("PROYECTO_ID" NOT NULL ENABLE);
  ALTER TABLE "GESTION_PROYECTOS"."PROYECTOEMPLEADOTAREAS" MODIFY ("EMPLEADO_ID" NOT NULL ENABLE);
  ALTER TABLE "GESTION_PROYECTOS"."PROYECTOEMPLEADOTAREAS" MODIFY ("DIA" NOT NULL ENABLE);
  ALTER TABLE "GESTION_PROYECTOS"."PROYECTOEMPLEADOTAREAS" MODIFY ("SUBTAREA_ID" NOT NULL ENABLE);
  ALTER TABLE "GESTION_PROYECTOS"."PROYECTOEMPLEADOTAREAS" ADD PRIMARY KEY ("TAREA_ID")
  USING INDEX PCTFREE 10 INITRANS 2 MAXTRANS 255 COMPUTE STATISTICS 
  STORAGE(INITIAL 65536 NEXT 1048576 MINEXTENTS 1 MAXEXTENTS 2147483645
  PCTINCREASE 0 FREELISTS 1 FREELIST GROUPS 1
  BUFFER_POOL DEFAULT FLASH_CACHE DEFAULT CELL_FLASH_CACHE DEFAULT)
  TABLESPACE "TS_GESTION_PROYECTOS"  ENABLE;
--------------------------------------------------------
--  Constraints for Table NEGOCIO
--------------------------------------------------------

  ALTER TABLE "GESTION_PROYECTOS"."NEGOCIO" MODIFY ("NEGOCIO_ID" NOT NULL ENABLE);
  ALTER TABLE "GESTION_PROYECTOS"."NEGOCIO" ADD PRIMARY KEY ("NEGOCIO_ID")
  USING INDEX PCTFREE 10 INITRANS 2 MAXTRANS 255 COMPUTE STATISTICS 
  STORAGE(INITIAL 65536 NEXT 1048576 MINEXTENTS 1 MAXEXTENTS 2147483645
  PCTINCREASE 0 FREELISTS 1 FREELIST GROUPS 1
  BUFFER_POOL DEFAULT FLASH_CACHE DEFAULT CELL_FLASH_CACHE DEFAULT)
  TABLESPACE "TS_GESTION_PROYECTOS"  ENABLE;
--------------------------------------------------------
--  Constraints for Table PROYECTOEMPLEADOGASTOS
--------------------------------------------------------

  ALTER TABLE "GESTION_PROYECTOS"."PROYECTOEMPLEADOGASTOS" MODIFY ("GASTOS_ID" NOT NULL ENABLE);
  ALTER TABLE "GESTION_PROYECTOS"."PROYECTOEMPLEADOGASTOS" MODIFY ("PROYECTO_ID" NOT NULL ENABLE);
  ALTER TABLE "GESTION_PROYECTOS"."PROYECTOEMPLEADOGASTOS" MODIFY ("EMPLEADO_ID" NOT NULL ENABLE);
  ALTER TABLE "GESTION_PROYECTOS"."PROYECTOEMPLEADOGASTOS" MODIFY ("COSTE" NOT NULL ENABLE);
  ALTER TABLE "GESTION_PROYECTOS"."PROYECTOEMPLEADOGASTOS" ADD PRIMARY KEY ("GASTOS_ID")
  USING INDEX PCTFREE 10 INITRANS 2 MAXTRANS 255 COMPUTE STATISTICS 
  STORAGE(INITIAL 65536 NEXT 1048576 MINEXTENTS 1 MAXEXTENTS 2147483645
  PCTINCREASE 0 FREELISTS 1 FREELIST GROUPS 1
  BUFFER_POOL DEFAULT FLASH_CACHE DEFAULT CELL_FLASH_CACHE DEFAULT)
  TABLESPACE "TS_GESTION_PROYECTOS"  ENABLE;
--------------------------------------------------------
--  Constraints for Table PROYECTOEMPLEADO
--------------------------------------------------------

  ALTER TABLE "GESTION_PROYECTOS"."PROYECTOEMPLEADO" MODIFY ("PROYECTO_ID" NOT NULL ENABLE);
  ALTER TABLE "GESTION_PROYECTOS"."PROYECTOEMPLEADO" MODIFY ("EMPLEADO_ID" NOT NULL ENABLE);
  ALTER TABLE "GESTION_PROYECTOS"."PROYECTOEMPLEADO" ADD CONSTRAINT "UNIQUEINDEXEMPLEADOPROYECTO" UNIQUE ("EMPLEADO_ID", "PROYECTO_ID")
  USING INDEX PCTFREE 10 INITRANS 2 MAXTRANS 255 COMPUTE STATISTICS 
  STORAGE(INITIAL 65536 NEXT 1048576 MINEXTENTS 1 MAXEXTENTS 2147483645
  PCTINCREASE 0 FREELISTS 1 FREELIST GROUPS 1
  BUFFER_POOL DEFAULT FLASH_CACHE DEFAULT CELL_FLASH_CACHE DEFAULT)
  TABLESPACE "TS_GESTION_PROYECTOS"  ENABLE;
--------------------------------------------------------
--  Constraints for Table EMPLEADOS
--------------------------------------------------------

  ALTER TABLE "GESTION_PROYECTOS"."EMPLEADOS" MODIFY ("EMPLEADO_ID" NOT NULL ENABLE);
  ALTER TABLE "GESTION_PROYECTOS"."EMPLEADOS" MODIFY ("NOMBRE" NOT NULL ENABLE);
  ALTER TABLE "GESTION_PROYECTOS"."EMPLEADOS" MODIFY ("APELLIDOS" NOT NULL ENABLE);
  ALTER TABLE "GESTION_PROYECTOS"."EMPLEADOS" MODIFY ("PASSWORD" NOT NULL ENABLE);
  ALTER TABLE "GESTION_PROYECTOS"."EMPLEADOS" ADD PRIMARY KEY ("EMPLEADO_ID")
  USING INDEX PCTFREE 10 INITRANS 2 MAXTRANS 255 COMPUTE STATISTICS 
  STORAGE(INITIAL 65536 NEXT 1048576 MINEXTENTS 1 MAXEXTENTS 2147483645
  PCTINCREASE 0 FREELISTS 1 FREELIST GROUPS 1
  BUFFER_POOL DEFAULT FLASH_CACHE DEFAULT CELL_FLASH_CACHE DEFAULT)
  TABLESPACE "TS_GESTION_PROYECTOS"  ENABLE;
  ALTER TABLE "GESTION_PROYECTOS"."EMPLEADOS" MODIFY ("ROL_ID" NOT NULL ENABLE);
--------------------------------------------------------
--  Constraints for Table TIPOPROYECTO
--------------------------------------------------------

  ALTER TABLE "GESTION_PROYECTOS"."TIPOPROYECTO" MODIFY ("TIPOPROYECTO" NOT NULL ENABLE);
  ALTER TABLE "GESTION_PROYECTOS"."TIPOPROYECTO" ADD PRIMARY KEY ("TIPOPROYECTO")
  USING INDEX PCTFREE 10 INITRANS 2 MAXTRANS 255 COMPUTE STATISTICS 
  STORAGE(INITIAL 65536 NEXT 1048576 MINEXTENTS 1 MAXEXTENTS 2147483645
  PCTINCREASE 0 FREELISTS 1 FREELIST GROUPS 1
  BUFFER_POOL DEFAULT FLASH_CACHE DEFAULT CELL_FLASH_CACHE DEFAULT)
  TABLESPACE "TS_GESTION_PROYECTOS"  ENABLE;
--------------------------------------------------------
--  Constraints for Table ROL
--------------------------------------------------------

  ALTER TABLE "GESTION_PROYECTOS"."ROL" MODIFY ("ROL_ID" NOT NULL ENABLE);
  ALTER TABLE "GESTION_PROYECTOS"."ROL" MODIFY ("NOMBRE" NOT NULL ENABLE);
  ALTER TABLE "GESTION_PROYECTOS"."ROL" ADD PRIMARY KEY ("ROL_ID")
  USING INDEX PCTFREE 10 INITRANS 2 MAXTRANS 255 COMPUTE STATISTICS 
  STORAGE(INITIAL 65536 NEXT 1048576 MINEXTENTS 1 MAXEXTENTS 2147483645
  PCTINCREASE 0 FREELISTS 1 FREELIST GROUPS 1
  BUFFER_POOL DEFAULT FLASH_CACHE DEFAULT CELL_FLASH_CACHE DEFAULT)
  TABLESPACE "TS_GESTION_PROYECTOS"  ENABLE;
--------------------------------------------------------
--  Ref Constraints for Table EMPLEADOS
--------------------------------------------------------

  ALTER TABLE "GESTION_PROYECTOS"."EMPLEADOS" ADD CONSTRAINT "FK_ROLEMPLEADOS" FOREIGN KEY ("ROL_ID")
	  REFERENCES "GESTION_PROYECTOS"."ROL" ("ROL_ID") ENABLE;
--------------------------------------------------------
--  Ref Constraints for Table PROYECTOEMPLEADO
--------------------------------------------------------

  ALTER TABLE "GESTION_PROYECTOS"."PROYECTOEMPLEADO" ADD CONSTRAINT "FK_PROYECTO" FOREIGN KEY ("PROYECTO_ID")
	  REFERENCES "GESTION_PROYECTOS"."PROYECTOS" ("PROYECTO_ID") ENABLE;
  ALTER TABLE "GESTION_PROYECTOS"."PROYECTOEMPLEADO" ADD CONSTRAINT "FK_EMPLEADO" FOREIGN KEY ("EMPLEADO_ID")
	  REFERENCES "GESTION_PROYECTOS"."EMPLEADOS" ("EMPLEADO_ID") ENABLE;
--------------------------------------------------------
--  Ref Constraints for Table PROYECTOEMPLEADOGASTOS
--------------------------------------------------------

  ALTER TABLE "GESTION_PROYECTOS"."PROYECTOEMPLEADOGASTOS" ADD CONSTRAINT "FK_EMPLEADOGASTOS" FOREIGN KEY ("EMPLEADO_ID")
	  REFERENCES "GESTION_PROYECTOS"."EMPLEADOS" ("EMPLEADO_ID") ENABLE;
  ALTER TABLE "GESTION_PROYECTOS"."PROYECTOEMPLEADOGASTOS" ADD CONSTRAINT "FK_PROYECTOGASTOS" FOREIGN KEY ("PROYECTO_ID")
	  REFERENCES "GESTION_PROYECTOS"."PROYECTOS" ("PROYECTO_ID") ENABLE;
--------------------------------------------------------
--  Ref Constraints for Table PROYECTOEMPLEADOTAREAS
--------------------------------------------------------

  ALTER TABLE "GESTION_PROYECTOS"."PROYECTOEMPLEADOTAREAS" ADD CONSTRAINT "FK_PROYECTOTAREA" FOREIGN KEY ("PROYECTO_ID")
	  REFERENCES "GESTION_PROYECTOS"."PROYECTOS" ("PROYECTO_ID") ENABLE;
  ALTER TABLE "GESTION_PROYECTOS"."PROYECTOEMPLEADOTAREAS" ADD CONSTRAINT "FK_EMPLEADOTAREA" FOREIGN KEY ("EMPLEADO_ID")
	  REFERENCES "GESTION_PROYECTOS"."EMPLEADOS" ("EMPLEADO_ID") ENABLE;
  ALTER TABLE "GESTION_PROYECTOS"."PROYECTOEMPLEADOTAREAS" ADD CONSTRAINT "FK_SUBTAREATAREA" FOREIGN KEY ("SUBTAREA_ID")
	  REFERENCES "GESTION_PROYECTOS"."SUBTAREA" ("SUBTAREA_ID") ENABLE;
--------------------------------------------------------
--  Ref Constraints for Table PROYECTOS
--------------------------------------------------------

  ALTER TABLE "GESTION_PROYECTOS"."PROYECTOS" ADD CONSTRAINT "FK_CCPROYECTOS" FOREIGN KEY ("CENTROCOSTE_ID")
	  REFERENCES "GESTION_PROYECTOS"."CENTROCOSTE" ("CC_ID") ENABLE;
  ALTER TABLE "GESTION_PROYECTOS"."PROYECTOS" ADD CONSTRAINT "FK_CLIENTE" FOREIGN KEY ("CLIENTE_ID")
	  REFERENCES "GESTION_PROYECTOS"."CLIENTES" ("CLIENTE_ID") ENABLE;
  ALTER TABLE "GESTION_PROYECTOS"."PROYECTOS" ADD CONSTRAINT "FK_TIPOPROYECTO" FOREIGN KEY ("TIPOPROYECTO")
	  REFERENCES "GESTION_PROYECTOS"."TIPOPROYECTO" ("TIPOPROYECTO") ENABLE;
  ALTER TABLE "GESTION_PROYECTOS"."PROYECTOS" ADD CONSTRAINT "FK_NEGOCIOPROYECTOS" FOREIGN KEY ("NEGOCIO_ID")
	  REFERENCES "GESTION_PROYECTOS"."NEGOCIO" ("NEGOCIO_ID") ENABLE;
--------------------------------------------------------
--  Ref Constraints for Table SUBTAREA
--------------------------------------------------------

  ALTER TABLE "GESTION_PROYECTOS"."SUBTAREA" ADD CONSTRAINT "FK_PROYECTO_SUBTAREA" FOREIGN KEY ("PROYECTO_ID")
	  REFERENCES "GESTION_PROYECTOS"."PROYECTOS" ("PROYECTO_ID") ENABLE;
